"","City","Year","TotalArrests","Drunkenness","PersonalConditions","Homicides","Dismissed","TotalPolice","ActivePolice","Lodgers","Population","Time","Youth","Race","Foreigners","Religiousioty","Income","FarmSize","FarmNum","AdultEmployment","ChildEmployment","NumManufacturing","Capital","StateTaxes","CountyTaxes","PropertyValue","RealEstateValue","Density"
"1","New York, New York",1884,5282.65283103993,NA,NA,81,NA,2832,188.435220693285,NA,1329900,1,25265.8752100433,1630.0270496784,39680.8751395798,NA,8043612.81904403,28,53,21.8851213505109,0.414490934668768,939.982541641832,15021678.3732723,310956.2388761,-0.497389121602521,14584688.7877715,918134380,60314.95
"2","New York, New York",1885,5461.12580834803,43060,5427,93,NA,2889,189.079952968842,134345,1360800,2,NA,NA,NA,NA,NA,NA,NA,NA,NA,NA,NA,NA,NA,NA,NA,NA
"3","New York, New York",1886,5312.06438169146,44071,5518,84,NA,3216,208.306387870949,131503,1391700,3,NA,NA,NA,NA,NA,NA,NA,NA,NA,NA,NA,NA,NA,NA,NA,NA
"4","New York, New York",1887,5706.17179811613,47258,5603,98,NA,3208,206.663854913539,128635,1422600,4,NA,NA,NA,NA,NA,NA,NA,NA,NA,NA,NA,NA,NA,NA,NA,NA
"5","New York, New York",1888,5854.42036463708,47883,6649,108,NA,3351,207.430340557276,150812,1453500,5,NA,NA,NA,NA,NA,NA,NA,NA,NA,NA,NA,NA,NA,NA,NA,NA
"6","New York, New York",1889,5537.5909458367,47614,6314,113,NA,3398,207.828078684991,147634,1484400,6,NA,NA,NA,NA,NA,NA,NA,NA,NA,NA,NA,NA,NA,NA,NA,NA
"7","New York, New York",1890,5580.14546284864,48144,5774,107,NA,3502,210.519230172751,149853,1515301,7,NA,NA,NA,NA,NA,NA,NA,NA,NA,NA,NA,NA,NA,NA,NA,NA
"8","New York, New York",1891,5744.66322036167,52335,6275,122,NA,3623,205.1210137491,147622,1568830,8,NA,NA,NA,NA,NA,NA,NA,NA,NA,NA,NA,NA,NA,NA,NA,NA
"9","New York, New York",1892,5208.33846988338,50089,4058,116,NA,3731,208.76994008728,137436,1622360,9,NA,NA,NA,NA,NA,NA,NA,NA,NA,NA,NA,NA,NA,NA,NA,NA
"10","New York, New York",1893,5160.7205723526,48542,7168,128,NA,3842,209.023265250106,127503,1675890,10,30049.409325276,1557.51233583295,42232.0713838373,27302.4963357115,15185244.8457435,44,12,14889.71498072,113.376814243507,1676.43260315937,28121031.5310291,NA,NA,NA,611500,NA
"11","New York, New York",1894,5696.93176154212,52714,8127,133,NA,3839,204.645825364259,68025,1725420,11,NA,NA,NA,NA,NA,NA,NA,NA,NA,NA,NA,NA,NA,NA,NA,NA
"12","New York, New York",1895,6337.64267085448,57780,9052,223,NA,3825,197.649962141395,65556,1782950,12,NA,NA,NA,NA,NA,NA,NA,NA,NA,NA,NA,NA,NA,NA,NA,NA
"13","New York, New York",1896,6043.02796654469,57692,10047,NA,NA,3825,NA,NA,1836480,13,36761.6307422218,2131.52248122501,41494.3918853019,NA,9002345.41109919,188,184,8971481.56637082,30863.8447283722,NA,NA,NA,NA,NA,NA,NA
"14","New York, New York",1897,3420.64392949927,53716,13216,199,NA,5002,146.662803786256,NA,3158265,14,NA,NA,NA,NA,NA,NA,NA,NA,NA,NA,NA,NA,NA,NA,NA,NA
"15","New York, New York",1898,4359.71585030222,77630,14405,346,NA,7457,207.828142089612,NA,3251244,15,NA,NA,NA,NA,NA,NA,NA,NA,NA,NA,NA,NA,NA,NA,NA,NA
"16","New York, New York",1899,4152.68359795384,76804,14013,404,NA,7335,198.222427152735,NA,3344223,16,NA,NA,NA,NA,NA,NA,NA,NA,NA,NA,NA,NA,NA,NA,NA,NA
"17","New York, New York",1900,3863.75313408988,NA,14531,NA,NA,7395,NA,NA,3437202,17,27202.3535016192,2340.2890547116,168.071059705588,NA,NA,NA,85,NA,NA,NA,NA,NA,NA,NA,NA,NA
"18","New York, New York",1901,3746.27120685454,73589,14213,429,NA,7458,183.659693181595,NA,3570190,18,NA,NA,NA,NA,NA,NA,NA,NA,NA,NA,NA,NA,NA,NA,NA,NA
"19","New York, New York",1902,3940.83136160347,79290,14283,510,NA,7625,183.275014055495,NA,3703178,19,NA,NA,NA,NA,NA,NA,NA,NA,NA,NA,NA,NA,NA,NA,NA,NA
"20","New York, New York",1903,4584.55134631817,101431,14945,579,NA,8089,184.559270897036,NA,3836166,20,NA,NA,NA,NA,NA,NA,NA,NA,NA,NA,NA,NA,NA,NA,NA,NA
"21","Philadelphia, Pennsylvania",1884,5044.50494451444,36081,4260,24,NA,1428,124.799371796421,105312,927088,1,24972.2015652112,3741.75195061204,24119.716231689,NA,7585958.66237001,344,780,223.921999126504,20.1848507383406,1011.24921798458,22091062.8327254,23703.8610904541,0,6204230.20173047,529169382,6516.69230769231
"22","Philadelphia, Pennsylvania",1885,5429.18294059449,36672,4091,36,NA,1456,122.166647132674,121404,947067,2,NA,NA,NA,NA,NA,NA,NA,NA,NA,NA,NA,NA,NA,NA,NA,NA
"23","Philadelphia, Pennsylvania",1887,5870.56470650216,42207,3219,72,NA,1513,128.669356227698,13262,987026,3,NA,NA,NA,NA,NA,NA,NA,NA,NA,NA,NA,NA,NA,NA,NA,NA
"24","Philadelphia, Pennsylvania",1888,4657.27578313911,31835,3089,50,NA,1671,139.026122015283,15969,1007005,4,NA,NA,NA,NA,NA,NA,NA,NA,NA,NA,NA,NA,NA,NA,NA,NA
"25","Philadelphia, Pennsylvania",1889,4155.17266561829,27644,2801,24,NA,1712,138.755678028404,12507,1026985,5,NA,NA,NA,NA,NA,NA,NA,NA,NA,NA,NA,NA,NA,NA,NA,NA
"26","Philadelphia, Pennsylvania",1890,4694.33523979812,33154,3311,19,NA,1792,145.850287115889,12096,1046964,6,NA,NA,NA,NA,NA,NA,NA,NA,NA,NA,NA,NA,NA,NA,NA,NA
"27","Philadelphia, Pennsylvania",1891,4962.87455546981,33989,4206,30,NA,1898,142.4922805017,13600,1071637,7,NA,NA,NA,NA,NA,NA,NA,NA,NA,NA,NA,NA,NA,NA,NA,NA
"28","Philadelphia, Pennsylvania",1892,4829.28658017661,34764,3617,22,NA,2027,140.744733930427,11884,1096311,8,NA,NA,NA,NA,NA,NA,NA,NA,NA,NA,NA,NA,NA,NA,NA,NA
"29","Philadelphia, Pennsylvania",1893,5111.31291793638,37101,4431,28,NA,2167,152.009306109632,20521,1120984,9,NA,NA,NA,NA,NA,NA,NA,NA,NA,NA,NA,NA,NA,NA,NA,NA
"30","Philadelphia, Pennsylvania",1894,5366.17853336557,38119,6049,28,NA,2239,152.750779683623,43726,1145657,10,29626.2335667702,3760.49224233116,25739.1849194433,16129.2078810733,12982014.7588647,42,801,16746.2300518451,822.091303998991,1735.1121910591,35841701.8159173,NA,NA,NA,15632770,NA
"31","Philadelphia, Pennsylvania",1895,5156.40887612895,36625,5976,39,NA,2451,153.290097664761,45788,1170330,11,NA,NA,NA,NA,NA,NA,NA,NA,NA,NA,NA,NA,NA,NA,NA,NA
"32","Philadelphia, Pennsylvania",1896,4859.56532363072,32987,7414,49,NA,2458,150.376065686809,49438,1195004,12,NA,NA,NA,NA,NA,NA,NA,NA,NA,NA,NA,NA,NA,NA,NA,NA
"33","Philadelphia, Pennsylvania",1897,5134.80208284652,34857,8141,43,NA,2611,158.566571313553,64613,1219677,13,32843.0845862671,4948.91771411698,22829.1477834454,NA,8645538.79308679,336,1072,8478898.38192405,166640.411162737,NA,NA,NA,NA,NA,NA,NA
"34","Philadelphia, Pennsylvania",1898,5055.41045525777,37729,6118,37,NA,2612,155.422509744043,56461,1244350,14,NA,NA,NA,NA,NA,NA,NA,NA,NA,NA,NA,NA,NA,NA,NA,NA
"35","Philadelphia, Pennsylvania",1899,4891.55445444688,38699,5178,27,NA,2620,152.400585016517,44361,1269024,15,NA,NA,NA,NA,NA,NA,NA,NA,NA,NA,NA,NA,NA,NA,NA,NA
"36","Philadelphia, Pennsylvania",1900,5073.05806537389,41428,4741,63,NA,2779,157.223832164719,40789,1293697,16,NA,NA,NA,NA,NA,NA,NA,NA,NA,NA,NA,NA,NA,NA,NA,NA
"37","Philadelphia, Pennsylvania",1901,4638.24297240507,38026,3778,60,NA,2902,157.213157998466,37114,1319228,17,26484.2402363319,5452.45731461684,76.0486711495357,NA,NA,NA,824,NA,NA,NA,NA,NA,NA,NA,NA,NA
"38","Philadelphia, Pennsylvania",1902,4868.38162079599,39954,3659,57,NA,2980,154.228378467815,6045,1344759,18,NA,NA,NA,NA,NA,NA,NA,NA,NA,NA,NA,NA,NA,NA,NA,NA
"39","Philadelphia, Pennsylvania",1903,5524.3050741084,45499,4808,68,NA,3086,158.360638988827,NA,1370290,19,NA,NA,NA,NA,NA,NA,NA,NA,NA,NA,NA,NA,NA,NA,NA,NA
"40","Philadelphia, Pennsylvania",1904,5234.2671445694,43944,4912,74,NA,3089,155.464060219756,NA,1395821,20,NA,NA,NA,NA,NA,NA,NA,NA,NA,NA,NA,NA,NA,NA,NA,NA
"41","Chicago, Illinois",1884,5315.62267894766,23080,1210,10,13775,924,NA,25141,741851,1,27186.2510781467,1143.16471448042,39902.127323365,NA,5860437.94154634,3192,4754,472.573923005511,20.5753188351407,621.374628821248,11917463.8368196,99927.4102751496,235507.897630382,5558309.13675838,115214331,632.8375
"42","Chicago, Illinois",1885,5115.04420362362,25407,1272,6,15098,926,81.47040989722,54940,801518,2,NA,NA,NA,NA,NA,NA,NA,NA,NA,NA,NA,NA,NA,NA,NA,NA
"43","Chicago, Illinois",1886,4663.67212154355,NA,NA,29,NA,1032,NA,91084,949059,3,NA,NA,NA,NA,NA,NA,NA,NA,NA,NA,NA,NA,NA,NA,NA,NA
"44","Chicago, Illinois",1887,5050.22533528805,NA,NA,29,NA,1145,111.418797849813,23405,920850,4,NA,NA,NA,NA,NA,NA,NA,NA,NA,NA,NA,NA,NA,NA,NA,NA
"45","Chicago, Illinois",1888,5143.40903829306,NA,NA,28,15348,1255,NA,25054,980517,5,NA,NA,NA,NA,NA,NA,NA,NA,NA,NA,NA,NA,NA,NA,NA,NA
"46","Chicago, Illinois",1889,4626.00847542358,27536,1128,28,16006,1624,NA,30925,1040184,6,NA,NA,NA,NA,NA,NA,NA,NA,NA,NA,NA,NA,NA,NA,NA,NA
"47","Chicago, Illinois",1890,5658.04427876529,37063,1645,21,24004,1900,NA,29402,1099850,7,NA,NA,NA,NA,NA,NA,NA,NA,NA,NA,NA,NA,NA,NA,NA,NA
"48","Chicago, Illinois",1891,6083.35445908588,41463,1406,34,32500,2306,NA,55565,1159722,8,NA,NA,NA,NA,NA,NA,NA,NA,NA,NA,NA,NA,NA,NA,NA,NA
"49","Chicago, Illinois",1892,7365.80586178199,51578,1972,26,41919,2726,157.347316117236,77085,1219595,9,NA,NA,NA,NA,NA,NA,NA,NA,NA,NA,NA,NA,NA,NA,NA,NA
"50","Chicago, Illinois",1893,7579.40018820322,NA,NA,48,47220,3189,NA,88138,1279468,10,31085.0877825898,1250.92078172901,40493.5893456115,23055.2838189076,10489230.1677459,87,4444,13853.8427850145,199.174107030494,847.119190685297,30420280.4378139,NA,NA,NA,48149030,NA
"51","Chicago, Illinois",1894,6594.51670225634,49072,1256,46,45995,3188,NA,133006,1339340,11,NA,NA,NA,NA,NA,NA,NA,NA,NA,NA,NA,NA,NA,NA,NA,NA
"52","Chicago, Illinois",1895,5965.0717689671,44450,1197,63,49087,2850,NA,130481,1399212,12,NA,NA,NA,NA,NA,NA,NA,NA,NA,NA,NA,NA,NA,NA,NA,NA
"53","Chicago, Illinois",1896,6637.51597747904,50641,1988,35,59365,3033,NA,176980,1459085,13,35550.9630262109,1804.1751530264,34038.8364826905,NA,7325356.67184233,699,5827,7251691.35302259,73665.318819732,NA,NA,NA,NA,NA,NA,NA
"54","Chicago, Illinois",1897,5509.03974961783,45844,999,37,55020,3594,180.12347938521,204964,1518958,14,NA,NA,NA,NA,NA,NA,NA,NA,NA,NA,NA,NA,NA,NA,NA,NA
"55","Chicago, Illinois",1898,4904.96126878765,42212,518,40,51239,3304,157.838399321016,139579,1578830,15,NA,NA,NA,NA,NA,NA,NA,NA,NA,NA,NA,NA,NA,NA,NA,NA
"56","Chicago, Illinois",1899,4353.99480808591,40279,502,38,NA,3267,NA,114153,1638702,16,NA,NA,NA,NA,NA,NA,NA,NA,NA,NA,NA,NA,NA,NA,NA,NA
"57","Chicago, Illinois",1900,4146.88783244779,34965,818,28,45247,3225,143.061095329909,126014,1698575,17,27345.8745992592,1938.56478769417,92.5897823620414,NA,NA,NA,5663,NA,NA,NA,NA,NA,NA,NA,NA,NA
"58","Chicago, Illinois",1901,3974.36880668206,32469,750,37,40318,3274,140.792996521383,95591,1747246,18,NA,NA,NA,NA,NA,NA,NA,NA,NA,NA,NA,NA,NA,NA,NA,NA
"59","Chicago, Illinois",1902,3915.21434453819,34405,581,29,41693,3168,132.801237473669,11097,1795917,19,NA,NA,NA,NA,NA,NA,NA,NA,NA,NA,NA,NA,NA,NA,NA,NA
"60","Chicago, Illinois",1903,4215.74043403754,40186,631,57,46597,3205,138.188114737879,5826,1844587,20,NA,NA,NA,NA,NA,NA,NA,NA,NA,NA,NA,NA,NA,NA,NA,NA
"61","Boston, Massachusetts",1884,7857.08169853989,19497,1402,10,NA,779,160.667247553476,24164,397094,1,22744.7432119961,1652.88830114944,30979.2821845347,NA,6607951.23824843,78,97,285.620748233559,3.09336550433458,988.845839552287,12702811.0959021,164010.239039819,67022.9192605825,52643556.6485447,454002051,25861.8
"62","Boston, Massachusetts",1885,7132.11621612294,18319,1403,18,NA,789,157.768366456473,25793,405658,2,NA,NA,NA,NA,NA,NA,NA,NA,NA,NA,NA,NA,NA,NA,NA,NA
"63","Boston, Massachusetts",1886,6882.78266243705,17404,1261,23,NA,819,NA,NA,414222,3,NA,NA,NA,NA,NA,NA,NA,NA,NA,NA,NA,NA,NA,NA,NA,NA
"64","Boston, Massachusetts",1887,7256.86281002682,19927,1283,9,2962,851,153.505556002327,NA,422786,4,NA,NA,NA,NA,NA,NA,NA,NA,NA,NA,NA,NA,NA,NA,NA,NA
"65","Boston, Massachusetts",1888,8347.99663381624,23403,1930,25,NA,901,NA,NA,431349,5,NA,NA,NA,NA,NA,NA,NA,NA,NA,NA,NA,NA,NA,NA,NA,NA
"66","Boston, Massachusetts",1889,9107.70993355504,25418,2436,24,NA,951,154.348700765833,NA,439913,6,NA,NA,NA,NA,NA,NA,NA,NA,NA,NA,NA,NA,NA,NA,NA,NA
"67","Boston, Massachusetts",1890,8359.84900006021,NA,NA,NA,NA,956,151.401298171367,NA,448477,7,NA,NA,NA,NA,NA,NA,NA,NA,NA,NA,NA,NA,NA,NA,NA,NA
"68","Boston, Massachusetts",1891,8947.22416785943,28044,2013,3,13663,961,147.699241709048,NA,459718,8,NA,NA,NA,NA,NA,NA,NA,NA,NA,NA,NA,NA,NA,NA,NA,NA
"69","Boston, Massachusetts",1892,10290.2581960251,34477,2185,29,27295,1000,144.173602853746,NA,470960,9,NA,NA,NA,NA,NA,NA,NA,NA,NA,NA,NA,NA,NA,NA,NA,NA
"70","Boston, Massachusetts",1893,9562.17518799175,30973,2721,29,19368,1005,140.812356647214,NA,482202,10,27392.425430092,1824.53896612897,34705.0208341928,39938.9413754693,11777569.6192087,58,42,13953.1333800899,67.4532777754858,1712.73567391394,25860527.4557531,NA,NA,NA,1066650,NA
"71","Boston, Massachusetts",1894,8518.71442091589,25951,2489,13,2788,1010,137.60454601646,NA,493443,11,NA,NA,NA,NA,NA,NA,NA,NA,NA,NA,NA,NA,NA,NA,NA,NA
"72","Boston, Massachusetts",1895,8427.84792067908,27048,2593,37,2799,1162,171.394377471844,NA,504684,12,NA,NA,NA,NA,NA,NA,NA,NA,NA,NA,NA,NA,NA,NA,NA,NA
"73","Boston, Massachusetts",1896,9457.94551931866,32286,2694,26,2953,1181,170.567096831716,NA,515926,13,32141.2391215815,2240.5330568172,34785.751786424,NA,6709406.0191326,264,162,6687254.85225304,22151.1668795601,NA,NA,NA,NA,NA,NA,NA
"74","Boston, Massachusetts",1897,8661.18580793978,30604,2329,21,2407,1173,169.395714459148,NA,527168,14,NA,NA,NA,NA,NA,NA,NA,NA,NA,NA,NA,NA,NA,NA,NA,NA
"75","Boston, Massachusetts",1898,7766.58636835565,27104,2470,20,2588,1182,166.044772654246,NA,538409,15,NA,NA,NA,NA,NA,NA,NA,NA,NA,NA,NA,NA,NA,NA,NA,NA
"76","Boston, Massachusetts",1899,7233.69416901665,24653,2458,23,2181,1147,160.647684890385,NA,549650,16,NA,NA,NA,NA,NA,NA,NA,NA,NA,NA,NA,NA,NA,NA,NA,NA
"77","Boston, Massachusetts",1900,6000.26386541438,19263,2665,33,2492,1213,169.016495154147,NA,560892,17,25393.3616630297,1898.58187446335,188.135435637446,NA,NA,NA,92,NA,NA,NA,NA,NA,NA,NA,NA,NA
"78","Boston, Massachusetts",1901,6032.93457675904,20111,2419,32,2574,1275,171.89491852041,NA,571861,18,NA,NA,NA,NA,NA,NA,NA,NA,NA,NA,NA,NA,NA,NA,NA,NA
"79","Boston, Massachusetts",1902,5959.18885577466,19713,2556,28,2707,1262,170.20371256848,NA,582831,19,NA,NA,NA,NA,NA,NA,NA,NA,NA,NA,NA,NA,NA,NA,NA,NA
"80","Boston, Massachusetts",1903,7247.05287975749,28234,2365,22,2385,1300,168.406871000337,NA,593800,20,NA,NA,NA,NA,NA,NA,NA,NA,NA,NA,NA,NA,NA,NA,NA,NA
"81","St. Louis, Missouri",1884,4912.29326452167,9980,1966,19,NA,483,102.552561384485,NA,391019,1,33203.7129954842,12167.5865529353,20662.94530858,NA,101787.506271952,1956,3343,6767.43602609132,344.957350727546,147.390868038133,351778.098344205,206692.172604114,206689.036628199,7958736.82890115,13939450,56.9428571428571
"82","St. Louis, Missouri",1885,4818.71846518956,8728,1123,18,NA,525,109.686297190036,NA,401144,2,NA,NA,NA,NA,NA,NA,NA,NA,NA,NA,NA,NA,NA,NA,NA,NA
"83","St. Louis, Missouri",1886,4583.60687626134,8926,477,NA,NA,NA,106.985678508036,NA,411270,3,NA,NA,NA,NA,NA,NA,NA,NA,NA,NA,NA,NA,NA,NA,NA,NA
"84","St. Louis, Missouri",1887,4519.74987838014,8469,674,28,NA,596,104.415097473867,6524,421395,4,NA,NA,NA,NA,NA,NA,NA,NA,NA,NA,NA,NA,NA,NA,NA,NA
"85","St. Louis, Missouri",1888,4156.92399674639,9640,841,27,NA,592,101.964910166597,13142,431521,5,NA,NA,NA,NA,NA,NA,NA,NA,NA,NA,NA,NA,NA,NA,NA,NA
"86","St. Louis, Missouri",1889,4072.71887439261,8461,575,19,NA,593,99.627303315325,5705,441646,6,NA,NA,NA,NA,NA,NA,NA,NA,NA,NA,NA,NA,NA,NA,NA,NA
"87","St. Louis, Missouri",1890,4365.93841999247,9207,565,25,NA,709,118.423091396064,4093,451770,7,NA,NA,NA,NA,NA,NA,NA,NA,NA,NA,NA,NA,NA,NA,NA,NA
"88","St. Louis, Missouri",1891,4466.33068816699,9650,489,29,NA,707,113.118028428177,4936,464117,8,NA,NA,NA,NA,NA,NA,NA,NA,NA,NA,NA,NA,NA,NA,NA,NA
"89","St. Louis, Missouri",1892,4813.58507673193,9826,918,27,NA,724,133.273447731623,12801,476464,9,NA,NA,NA,NA,NA,NA,NA,NA,NA,NA,NA,NA,NA,NA,NA,NA
"90","St. Louis, Missouri",1893,5171.74362226632,10517,442,35,NA,NA,129.90732595487,15574,488810,10,36874.4319277274,9554.63133830942,18351.8329798661,16101.5782080591,210000.826286942,68,3298,336.023356377558,2.75428980637343,118.434461674057,410783.044591952,NA,NA,NA,18636870,NA
"91","St. Louis, Missouri",1894,4995.0414740291,9540,653,43,NA,NA,126.706800463727,44679,501157,11,NA,NA,NA,NA,NA,NA,NA,NA,NA,NA,NA,NA,NA,NA,NA,NA
"92","St. Louis, Missouri",1895,4828.19997507322,9407,766,30,NA,NA,123.660185704493,44460,513504,12,NA,NA,NA,NA,NA,NA,NA,NA,NA,NA,NA,NA,NA,NA,NA,NA
"93","St. Louis, Missouri",1896,5266.70102367401,9838,2073,57,NA,NA,130.265037054223,41545,525851,13,37579.9360511591,7052.35811350919,14708.2334132694,NA,591129.096722622,648,3908,585035.971223022,6093.12549960032,NA,NA,NA,NA,NA,NA,NA
"94","St. Louis, Missouri",1897,4498.53028067737,3277,2350,94,NA,NA,127.276578508281,33787,538198,14,NA,NA,NA,NA,NA,NA,NA,NA,NA,NA,NA,NA,NA,NA,NA,NA
"95","St. Louis, Missouri",1898,4768.55619169403,2997,2524,47,NA,NA,124.422389491122,13687,550544,15,NA,NA,NA,NA,NA,NA,NA,NA,NA,NA,NA,NA,NA,NA,NA,NA
"96","St. Louis, Missouri",1899,4338.3177204823,11080,1134,61,3137,NA,121.693187491006,10311,562891,16,NA,NA,NA,NA,NA,NA,NA,NA,NA,NA,NA,NA,NA,NA,NA,NA
"97","St. Louis, Missouri",1900,4081.78875526304,10570,1636,31,3516,1254,147.764925126643,5515,575238,17,30628.3897739544,5160.34313309147,21.8401543370906,NA,NA,NA,4048,NA,NA,NA,NA,NA,NA,NA,NA,NA
"98","St. Louis, Missouri",1901,4035.69473599845,10468,2557,61,3522,1433,144.948048913998,7529,586417,18,NA,NA,NA,NA,NA,NA,NA,NA,NA,NA,NA,NA,NA,NA,NA,NA
"99","St. Louis, Missouri",1902,4277.80641102015,11642,1529,56,4005,1246,142.236561155028,3984,597596,19,NA,NA,NA,NA,NA,NA,NA,NA,NA,NA,NA,NA,NA,NA,NA,NA
"100","St. Louis, Missouri",1903,4192.68202537883,12196,1845,66,4641,NA,139.624656071619,6914,608775,20,NA,NA,NA,NA,NA,NA,NA,NA,NA,NA,NA,NA,NA,NA,NA,NA
"101","Baltimore, Maryland",1884,7014.89697531642,16732,713,21,8047,631,140.689189442683,25034,373163,1,26503.3266829766,16164.2788575831,16892.5079668866,NA,4549171.71461845,2,3,-0.601842239093866,-0.601842239093866,1108.29248329135,11611574.9308634,125697.15900371,-1.8055267172816,18194641.1967031,183580023,-332313
"102","Baltimore, Maryland",1885,6991.56963398856,17981,924,NA,7212,631,136.941279579316,27888,383376,2,NA,NA,NA,NA,NA,NA,NA,NA,NA,NA,NA,NA,NA,NA,NA,NA
"103","Baltimore, Maryland",1886,6910.76224183094,NA,NA,NA,NA,725,NA,NA,393589,3,NA,NA,NA,NA,NA,NA,NA,NA,NA,NA,NA,NA,NA,NA,NA,NA
"104","Baltimore, Maryland",1887,7314.9893140433,NA,NA,NA,NA,771,158.493911604974,NA,403801,4,NA,NA,NA,NA,NA,NA,NA,NA,NA,NA,NA,NA,NA,NA,NA,NA
"105","Baltimore, Maryland",1888,7195.16731318265,NA,NA,NA,NA,800,NA,NA,414014,5,NA,NA,NA,NA,NA,NA,NA,NA,NA,NA,NA,NA,NA,NA,NA,NA
"106","Baltimore, Maryland",1889,7406.4295917742,NA,NA,NA,NA,800,146.14851517823,NA,424226,6,NA,NA,NA,NA,NA,NA,NA,NA,NA,NA,NA,NA,NA,NA,NA,NA
"107","Baltimore, Maryland",1890,7073.49017928869,NA,NA,NA,NA,805,142.712785914708,NA,434439,7,NA,NA,NA,NA,NA,NA,NA,NA,NA,NA,NA,NA,NA,NA,NA,NA
"108","Baltimore, Maryland",1891,6837.65906071859,NA,NA,NA,NA,805,140.306093584164,NA,441891,8,NA,NA,NA,NA,NA,NA,NA,NA,NA,NA,NA,NA,NA,NA,NA,NA
"109","Baltimore, Maryland",1892,7072.77068965134,17544,835,41,6562,818,139.091963155095,25132,449343,9,NA,NA,NA,NA,NA,NA,NA,NA,NA,NA,NA,NA,NA,NA,NA,NA
"110","Baltimore, Maryland",1893,6865.89578672224,17076,877,31,7168,818,136.823163176399,39976,456794,10,32229.1506977965,15446.1270742268,15883.2425265687,17733.4447413791,8266949.79041937,35,103,11611.9869532892,348.725597839973,1211.90777071119,21343313.3305251,NA,NA,NA,2114770,NA
"111","Baltimore, Maryland",1894,6922.19211366388,NA,NA,NA,NA,830,134.626900393326,NA,464246,11,NA,NA,NA,NA,NA,NA,NA,NA,NA,NA,NA,NA,NA,NA,NA,NA
"112","Baltimore, Maryland",1895,6400.91753622021,NA,NA,NA,NA,830,132.500031800008,NA,471698,12,NA,NA,NA,NA,NA,NA,NA,NA,NA,NA,NA,NA,NA,NA,NA,NA
"113","Baltimore, Maryland",1896,6521.54857560263,NA,NA,NA,NA,832,130.439319628509,NA,479150,13,33163.9018620434,15667.1388742074,13478.5453388007,NA,5741243.36633547,197,159,5627909.8234232,113333.54291227,NA,NA,NA,NA,NA,NA,NA
"114","Baltimore, Maryland",1897,7047.44329040982,NA,NA,NA,NA,832,128.441724448317,NA,486602,14,NA,NA,NA,NA,NA,NA,NA,NA,NA,NA,NA,NA,NA,NA,NA,NA
"115","Baltimore, Maryland",1898,6496.46900231352,14926,698,32,20904,850,124.885386790486,55,494053,15,NA,NA,NA,NA,NA,NA,NA,NA,NA,NA,NA,NA,NA,NA,NA,NA
"116","Baltimore, Maryland",1899,5849.39332608847,13988,638,23,19668,850,123.02968066121,41,501505,16,NA,NA,NA,NA,NA,NA,NA,NA,NA,NA,NA,NA,NA,NA,NA,NA
"117","Baltimore, Maryland",1900,6056.11083058097,14778,643,29,20995,981,137.536176926538,52,508957,17,27500.4700215762,15174.8032623974,62.4904876585763,NA,NA,NA,23,NA,NA,NA,NA,NA,NA,NA,NA,NA
"118","Baltimore, Maryland",1901,6114.49475589111,15376,845,21,21185,981,136.21062053667,68,513910,18,NA,NA,NA,NA,NA,NA,NA,NA,NA,NA,NA,NA,NA,NA,NA,NA
"119","Baltimore, Maryland",1902,6044.3700938398,15666,708,33,13112,985,134.910371331161,78,518863,19,NA,NA,NA,NA,NA,NA,NA,NA,NA,NA,NA,NA,NA,NA,NA,NA
"120","Baltimore, Maryland",1903,5374.03472600059,14366,539,42,13651,985,133.634966543532,81,523815,20,NA,NA,NA,NA,NA,NA,NA,NA,NA,NA,NA,NA,NA,NA,NA,NA
"121","Cincinnati, Ohio",1884,4698.96669817949,3040,6094,22,NA,351,100.791989611804,33076,271847,1,27860.0011487871,3361.15950908499,26245.6362046628,NA,6387804.34879728,2702,4064,97.3277936267846,2.55286016070255,1114.96167518684,16813746.5137503,191860.2053776,125831.753751109,15737341.6428932,158007310,783.435
"122","Cincinnati, Ohio",1885,2912.42790481987,3240,NA,21,NA,356,101.440454453236,37642,276024,2,NA,NA,NA,NA,NA,NA,NA,NA,NA,NA,NA,NA,NA,NA,NA,NA
"123","Cincinnati, Ohio",1886,6302.64097073519,3225,6624,22,NA,361,91.3633119200571,39846,280200,3,NA,NA,NA,NA,NA,NA,NA,NA,NA,NA,NA,NA,NA,NA,NA,NA
"124","Cincinnati, Ohio",1887,6876.08350886323,5959,7095,14,NA,478,118.153015187585,6103,284377,4,NA,NA,NA,NA,NA,NA,NA,NA,NA,NA,NA,NA,NA,NA,NA,NA
"125","Cincinnati, Ohio",1888,6892.64401117295,4834,5639,14,NA,488,120.947898833494,9774,288554,5,NA,NA,NA,NA,NA,NA,NA,NA,NA,NA,NA,NA,NA,NA,NA,NA
"126","Cincinnati, Ohio",1889,6517.92943009111,4169,5545,17,NA,477,122.638190010624,6197,292731,6,NA,NA,NA,NA,NA,NA,NA,NA,NA,NA,NA,NA,NA,NA,NA,NA
"127","Cincinnati, Ohio",1890,6685.23583062767,4297,5284,28,NA,489,120.576070702036,7835,296908,7,NA,NA,NA,NA,NA,NA,NA,NA,NA,NA,NA,NA,NA,NA,NA,NA
"128","Cincinnati, Ohio",1891,6214.6647676672,4861,3932,38,NA,469,118.743058034002,7400,299807,8,NA,NA,NA,NA,NA,NA,NA,NA,NA,NA,NA,NA,NA,NA,NA,NA
"129","Cincinnati, Ohio",1892,6829.70661398646,4862,4275,41,NA,480,117.27512082641,6475,302707,9,NA,NA,NA,NA,NA,NA,NA,NA,NA,NA,NA,NA,NA,NA,NA,NA
"130","Cincinnati, Ohio",1893,6776.04497293901,4372,3891,24,NA,481,116.489859492287,5308,305606,10,32671.8690348744,3939.68598911294,22410.0509113043,22230.6466296289,13553509.7297456,56,3227,17300.4995020997,374.826802786106,2503.91779439522,29353149.586329,NA,NA,NA,19332155,NA
"131","Cincinnati, Ohio",1894,6584.63692764484,4761,4259,18,NA,483,115.394838349983,9662,308506,11,NA,NA,NA,NA,NA,NA,NA,NA,NA,NA,NA,NA,NA,NA,NA,NA
"132","Cincinnati, Ohio",1895,5974.85589505628,4177,4012,33,NA,493,114.962829755463,11942,311405,12,NA,NA,NA,NA,NA,NA,NA,NA,NA,NA,NA,NA,NA,NA,NA,NA
"133","Cincinnati, Ohio",1896,5243.33129708817,3548,3910,27,NA,495,113.266137242924,21281,314304,13,32610.2193274869,4326.22918391419,16713.6776244936,NA,7115930.48727774,496,4111,7075917.6905287,40012.7967490396,NA,NA,NA,NA,NA,NA,NA
"134","Cincinnati, Ohio",1897,5202.3303615339,3897,4247,26,NA,531,112.861124071575,24707,317204,14,NA,NA,NA,NA,NA,NA,NA,NA,NA,NA,NA,NA,NA,NA,NA,NA
"135","Cincinnati, Ohio",1898,4843.44101742252,3419,5332,40,NA,530,118.399390196281,11650,320103,15,NA,NA,NA,NA,NA,NA,NA,NA,NA,NA,NA,NA,NA,NA,NA,NA
"136","Cincinnati, Ohio",1899,4811.10082568893,3346,5074,30,NA,531,117.33637148881,3061,323003,16,NA,NA,NA,NA,NA,NA,NA,NA,NA,NA,NA,NA,NA,NA,NA,NA
"137","Cincinnati, Ohio",1900,5011.01558137109,3617,5491,30,NA,528,115.985787138465,2210,325902,17,26242.5878818923,5274.21581309742,7.59660713820616,NA,NA,NA,4129,NA,NA,NA,NA,NA,NA,NA,NA,NA
"138","Cincinnati, Ohio",1901,6243.80063760537,3459,5326,39,NA,530,111.626439692906,4646,329671,18,NA,NA,NA,NA,NA,NA,NA,NA,NA,NA,NA,NA,NA,NA,NA,NA
"139","Cincinnati, Ohio",1902,4745.08157389635,1831,5260,34,NA,536,113.963531669866,1851,333440,19,NA,NA,NA,NA,NA,NA,NA,NA,NA,NA,NA,NA,NA,NA,NA,NA
"140","Cincinnati, Ohio",1903,4801.76982227639,3736,4740,20,NA,532,114.469068144682,4597,337209,20,NA,NA,NA,NA,NA,NA,NA,NA,NA,NA,NA,NA,NA,NA,NA,NA
"141","Cleveland, Ohio",1884,3624.10219858545,3839,520,16,579,211,83.2382158112735,NA,200629,1,28322.9157675063,1104.38045525863,34910.1008921363,NA,4481774.92980202,3434,4169,1415.63802724646,107.137598188308,644.856633645268,10510299.4267377,130305.215214554,137637.793676343,11673301.4120837,65363389,419.027659574468
"142","Cleveland, Ohio",1885,3265.48042704626,3205,495,6,NA,214,80.1897983392645,NA,210750,2,NA,NA,NA,NA,NA,NA,NA,NA,NA,NA,NA,NA,NA,NA,NA,NA
"143","Cleveland, Ohio",1886,3047.94675601032,3858,269,6,493,213,76.5155974102413,NA,220870,3,NA,NA,NA,NA,NA,NA,NA,NA,NA,NA,NA,NA,NA,NA,NA,NA
"144","Cleveland, Ohio",1887,3717.89377075297,5294,295,9,NA,235,78.7909485650956,NA,230991,4,NA,NA,NA,NA,NA,NA,NA,NA,NA,NA,NA,NA,NA,NA,NA,NA
"145","Cleveland, Ohio",1888,3623.62719400113,5573,215,11,800,241,75.4835926872159,NA,241112,5,NA,NA,NA,NA,NA,NA,NA,NA,NA,NA,NA,NA,NA,NA,NA,NA
"146","Cleveland, Ohio",1889,4130.44516622086,6543,266,15,827,316,98.7135396764743,NA,251232,6,NA,NA,NA,NA,NA,NA,NA,NA,NA,NA,NA,NA,NA,NA,NA,NA
"147","Cleveland, Ohio",1890,3679.31494951273,5727,230,9,762,306,93.3603210982847,5272,261353,7,NA,NA,NA,NA,NA,NA,NA,NA,NA,NA,NA,NA,NA,NA,NA,NA
"148","Cleveland, Ohio",1891,4072.14496294725,6599,234,15,1050,290,84.1276692246355,NA,273394,8,NA,NA,NA,NA,NA,NA,NA,NA,NA,NA,NA,NA,NA,NA,NA,NA
"149","Cleveland, Ohio",1892,3754.60698720554,6892,274,10,887,315,88.2859905548004,3415,285436,9,NA,NA,NA,NA,NA,NA,NA,NA,NA,NA,NA,NA,NA,NA,NA,NA
"150","Cleveland, Ohio",1893,3149.14044063763,5701,250,13,983,312,84.0398281553594,NA,297478,10,33275.8008839565,1014.93692938026,35499.5644739814,18293.3832306352,9330342.29118947,58,3936,12273.4458173372,275.833145143078,782.333774236216,23187364.2610575,NA,NA,NA,22796670,NA
"151","Cleveland, Ohio",1894,3150.37202885768,4734,401,21,1098,317,81.0935677615914,NA,309519,11,NA,NA,NA,NA,NA,NA,NA,NA,NA,NA,NA,NA,NA,NA,NA,NA
"152","Cleveland, Ohio",1895,3422.68938922752,5805,358,12,1106,333,78.3679562134594,NA,321560,12,NA,NA,NA,NA,NA,NA,NA,NA,NA,NA,NA,NA,NA,NA,NA,NA
"153","Cleveland, Ohio",1896,3212.51071636261,6906,561,27,1603,347,81.8340417623396,NA,333602,13,36466.1140462744,1436.96483876845,31390.9637456732,NA,6971398.47877573,520,4571,6949870.19493532,21528.2838404081,NA,NA,NA,NA,NA,NA,NA
"154","Cleveland, Ohio",1897,4189.57077223965,8095,668,9,1950,355,85.3479302403629,NA,345644,14,NA,NA,NA,NA,NA,NA,NA,NA,NA,NA,NA,NA,NA,NA,NA,NA
"155","Cleveland, Ohio",1898,4040.42663237206,8452,503,16,2722,355,82.4748032486685,NA,357685,15,NA,NA,NA,NA,NA,NA,NA,NA,NA,NA,NA,NA,NA,NA,NA,NA
"156","Cleveland, Ohio",1899,4239.35563092669,9408,507,26,2641,355,79.7888165830913,NA,369726,16,NA,NA,NA,NA,NA,NA,NA,NA,NA,NA,NA,NA,NA,NA,NA,NA
"157","Cleveland, Ohio",1900,5218.61444647011,10360,783,22,4754,376,77.27206051843,NA,381768,17,26885.045299447,1374.74997058477,48.4762913283916,NA,NA,NA,4493,NA,NA,NA,NA,NA,NA,NA,NA,NA
"158","Cleveland, Ohio",1901,4808.86157664803,10988,801,31,7518,361,73.8131102092289,NA,399658,18,NA,NA,NA,NA,NA,NA,NA,NA,NA,NA,NA,NA,NA,NA,NA,NA
"159","Cleveland, Ohio",1902,4367.41253080492,11104,629,28,8618,361,70.6507291394741,NA,417547,19,NA,NA,NA,NA,NA,NA,NA,NA,NA,NA,NA,NA,NA,NA,NA,NA
"160","Cleveland, Ohio",1903,5109.82096105972,13383,1158,45,10553,435,80.3792061290293,NA,435436,20,NA,NA,NA,NA,NA,NA,NA,NA,NA,NA,NA,NA,NA,NA,NA,NA
"161","Buffalo, New York",1884,5420.12633993018,5104,1939,7,742,292,89.5846344435002,3432,195346,1,28466.3731785851,443.41561914464,29732.9501009623,NA,3631502.51951029,7224,8425,312.892252278474,11.369631260119,832.711793491113,13280061.759837,106836.331884084,245217.023521493,4307030.07040076,108984151,219.884
"162","Buffalo, New York",1885,5345.69301700592,5462,2083,3,321,304,92.0160273419053,3856,205399,2,NA,NA,NA,NA,NA,NA,NA,NA,NA,NA,NA,NA,NA,NA,NA,NA
"163","Buffalo, New York",1886,4429.75697603178,4532,1528,7,487,304,85.865993353508,4199,215452,3,NA,NA,NA,NA,NA,NA,NA,NA,NA,NA,NA,NA,NA,NA,NA,NA
"164","Buffalo, New York",1887,5500.54322520565,NA,NA,NA,NA,340,88.6898294938028,NA,225505,4,NA,NA,NA,NA,NA,NA,NA,NA,NA,NA,NA,NA,NA,NA,NA,NA
"165","Buffalo, New York",1889,6583.58135425531,8458,3640,9,976,346,84.2796128837878,3416,245611,5,NA,NA,NA,NA,NA,NA,NA,NA,NA,NA,NA,NA,NA,NA,NA,NA
"166","Buffalo, New York",1890,6894.98717066149,9594,3170,14,741,401,95.4377620627073,2796,255664,6,NA,NA,NA,NA,NA,NA,NA,NA,NA,NA,NA,NA,NA,NA,NA,NA
"167","Buffalo, New York",1897,7908.27844265083,15174,4315,9,1778,711,144.725855830782,2385,323370,7,NA,NA,NA,NA,NA,NA,NA,NA,NA,NA,NA,NA,NA,NA,NA,NA
"168","Buffalo, New York",1898,7353.12663267696,13551,3779,8,1661,782,170.549059878334,2125,333042,8,NA,NA,NA,NA,NA,NA,NA,NA,NA,NA,NA,NA,NA,NA,NA,NA
"169","Buffalo, New York",1899,6809.73987132165,14206,2643,10,1280,783,165.151802518127,1010,342715,9,NA,NA,NA,NA,NA,NA,NA,NA,NA,NA,NA,NA,NA,NA,NA,NA
"170","Buffalo, New York",1900,8044.28086166629,17018,3224,6,1737,783,160.618865054613,688,352387,10,32421.4117858326,373.396577507655,32030.676727114,25247.9248005301,8261091.20969964,71,7773,12084.9214040454,254.813750654063,1237.53409643292,23310815.4968868,NA,NA,NA,38642410,NA
"171","Buffalo, New York",1901,6969.57053849577,15343,2253,17,1532,784,157.432131731197,537,359520,11,NA,NA,NA,NA,NA,NA,NA,NA,NA,NA,NA,NA,NA,NA,NA,NA
"172","Buffalo, New York",1902,5104.55389700889,11881,1734,8,1043,784,154.369390131814,734,366653,12,NA,NA,NA,NA,NA,NA,NA,NA,NA,NA,NA,NA,NA,NA,NA,NA
"173","Buffalo, New York",1904,5147.56456770223,11038,1714,13,NA,784,148.588410104012,1465,380918,13,35919.3056727679,730.943585912388,27547.5805075562,NA,5111395.3413299,720,7929,5091368.87056534,20026.4707645624,NA,NA,NA,NA,NA,NA,NA
"174","Buffalo, New York",1905,5276.38190954774,11542,2244,6,1227,784,145.857492591161,1249,388050,14,NA,NA,NA,NA,NA,NA,NA,NA,NA,NA,NA,NA,NA,NA,NA,NA
"175","Buffalo, New York",1906,5747.21078588907,12983,2053,17,1684,784,142.465642499804,1274,395183,15,NA,NA,NA,NA,NA,NA,NA,NA,NA,NA,NA,NA,NA,NA,NA,NA
"176","Buffalo, New York",1907,6742.95827160739,17258,2578,16,2289,783,139.939748854135,1150,402316,16,NA,NA,NA,NA,NA,NA,NA,NA,NA,NA,NA,NA,NA,NA,NA,NA
"177","Buffalo, New York",1908,7991.00252046658,9576,6473,18,5944,780,137.502198081319,7538,409448,17,28441.0711078764,389.235989678346,236.490637730749,NA,NA,NA,8178,NA,NA,NA,NA,NA,NA,NA,NA,NA
"178","Buffalo, New York",1910,5240.07882656975,12598,1163,21,1730,813,138.30050859658,2999,423715,18,NA,NA,NA,NA,NA,NA,NA,NA,NA,NA,NA,NA,NA,NA,NA,NA
"179","Buffalo, New York",1911,5608.29218950005,12651,3076,22,2730,824,134.252733084734,4513,432021,19,NA,NA,NA,NA,NA,NA,NA,NA,NA,NA,NA,NA,NA,NA,NA,NA
"180","Buffalo, New York",1912,6146.34124184981,14241,2031,30,1953,827,131.947393641544,8888,440327,20,NA,NA,NA,NA,NA,NA,NA,NA,NA,NA,NA,NA,NA,NA,NA,NA
"181","Newark, New Jersey",1884,3429.95262997596,2663,504,0,1470,165,95.9064782233973,22578,154317,1,27565.0374613671,2488.82477136193,27690.8739581633,NA,8074516.79311743,820,997,147.950023429808,0,825.571660989106,15172725.0709476,136432.035128917,282173.864970594,10877576.357481,86725803,1519.432
"182","Newark, New Jersey",1885,3314.87884914561,2541,515,3,1088,164,92.5873438769533,32933,158769,2,NA,NA,NA,NA,NA,NA,NA,NA,NA,NA,NA,NA,NA,NA,NA,NA
"183","Newark, New Jersey",1886,3287.56716353901,2893,393,10,1226,200,93.1252718706539,13395,163221,3,NA,NA,NA,NA,NA,NA,NA,NA,NA,NA,NA,NA,NA,NA,NA,NA
"184","Newark, New Jersey",1887,3753.73494838167,3595,443,7,1668,182,79.3210594430827,1328,167673,4,NA,NA,NA,NA,NA,NA,NA,NA,NA,NA,NA,NA,NA,NA,NA,NA
"185","Newark, New Jersey",1889,3968.78433326915,4406,574,2,2247,227,101.937953765475,NA,176578,5,NA,NA,NA,NA,NA,NA,NA,NA,NA,NA,NA,NA,NA,NA,NA,NA
"186","Newark, New Jersey",1890,3889.41059492902,4559,477,4,2368,255,107.716952991217,NA,181030,6,NA,NA,NA,NA,NA,NA,NA,NA,NA,NA,NA,NA,NA,NA,NA,NA
"187","Newark, New Jersey",1891,3983.27769897725,4415,590,7,2443,261,102.914671472906,NA,187534,7,NA,NA,NA,NA,NA,NA,NA,NA,NA,NA,NA,NA,NA,NA,NA,NA
"188","Newark, New Jersey",1892,3628.15530978468,2247,508,4,2134,278,99.4650532369948,NA,194038,8,NA,NA,NA,NA,NA,NA,NA,NA,NA,NA,NA,NA,NA,NA,NA,NA
"189","Newark, New Jersey",1893,3293.57441333985,3487,551,13,2579,303,113.691894964646,NA,200542,9,NA,NA,NA,NA,NA,NA,NA,NA,NA,NA,NA,NA,NA,NA,NA,NA
"190","Newark, New Jersey",1894,3362.67044961061,3648,651,20,3085,319,118.699516516603,NA,207246,10,32233.7542659451,2698.18585072902,28714.3983943647,21184.0779701521,12268813.1106061,42,699,13008.6919850995,273.332864762708,1124.17902521691,26671431.6394505,NA,NA,NA,6093250,NA
"191","Newark, New Jersey",1895,3359.40060875673,4159,702,11,2555,322,104.893467571997,NA,213550,11,NA,NA,NA,NA,NA,NA,NA,NA,NA,NA,NA,NA,NA,NA,NA,NA
"192","Newark, New Jersey",1896,3251.92907195507,3901,702,15,2679,326,97.2488570987121,NA,220054,12,NA,NA,NA,NA,NA,NA,NA,NA,NA,NA,NA,NA,NA,NA,NA,NA
"193","Newark, New Jersey",1897,3170.49055870903,4222,593,18,2855,337,99.7537054529083,NA,226558,13,34676.2177171615,3598.35456046879,27110.2037860706,NA,8203561.5911857,311,1003,8135690.83115863,67870.7600270712,NA,NA,NA,NA,NA,NA,NA
"194","Newark, New Jersey",1898,2689.41311753954,3708,337,13,2221,335,95.6826938754495,NA,233062,14,NA,NA,NA,NA,NA,NA,NA,NA,NA,NA,NA,NA,NA,NA,NA,NA
"195","Newark, New Jersey",1899,2750.80771061002,3903,463,29,2096,NA,102.268268452118,NA,239566,15,NA,NA,NA,NA,NA,NA,NA,NA,NA,NA,NA,NA,NA,NA,NA,NA
"196","Newark, New Jersey",1900,2939.00109724875,3725,473,17,2729,382,101.597106514406,NA,246070,16,NA,NA,NA,NA,NA,NA,NA,NA,NA,NA,NA,NA,NA,NA,NA,NA
"197","Newark, New Jersey",1901,2497.56059482456,2930,343,27,2260,392,105.772608407166,NA,256210,17,27553.8813693491,3529.82924080595,72.3357627231003,NA,NA,NA,633,NA,NA,NA,NA,NA,NA,NA,NA,NA
"198","Newark, New Jersey",1902,2595.08165947062,3582,313,13,2268,400,107.377510794068,NA,266350,18,NA,NA,NA,NA,NA,NA,NA,NA,NA,NA,NA,NA,NA,NA,NA,NA
"199","Newark, New Jersey",1903,2674.2377662845,3967,652,26,2477,424,103.801222467359,NA,276490,19,NA,NA,NA,NA,NA,NA,NA,NA,NA,NA,NA,NA,NA,NA,NA,NA
"200","Newark, New Jersey",1904,2311.69103024805,3541,263,24,2089,424,100.826849945923,NA,286630,20,NA,NA,NA,NA,NA,NA,NA,NA,NA,NA,NA,NA,NA,NA,NA,NA
"201","Louisville, Kentucky",1884,5894.48185370496,NA,NA,NA,NA,155,NA,NA,138706,1,29107.5953701801,17529.6212588179,17539.8945277721,NA,4027120.74515444,1401,2119,320.525991370454,1.36976919389083,791.041709471954,15011395.109924,190233.545647558,41877.9535648243,12488765.1530717,42811445,339.558139534884
"202","Louisville, Kentucky",1885,5263.15789473684,NA,NA,NA,NA,NA,NA,NA,142443,2,NA,NA,NA,NA,NA,NA,NA,NA,NA,NA,NA,NA,NA,NA,NA,NA
"203","Louisville, Kentucky",1886,4715.41934601177,4968,299,18,NA,156,82.7746613763853,NA,146180,3,NA,NA,NA,NA,NA,NA,NA,NA,NA,NA,NA,NA,NA,NA,NA,NA
"204","Louisville, Kentucky",1887,4573.86420486002,5038,259,14,NA,156,80.7113269342369,NA,149917,4,NA,NA,NA,NA,NA,NA,NA,NA,NA,NA,NA,NA,NA,NA,NA,NA
"205","Louisville, Kentucky",1888,2728.85834407175,3093,178,17,NA,191,95.6694911945019,NA,153654,5,NA,NA,NA,NA,NA,NA,NA,NA,NA,NA,NA,NA,NA,NA,NA,NA
"206","Louisville, Kentucky",1889,4424.64943992986,NA,NA,NA,NA,214,NA,NA,157391,6,NA,NA,NA,NA,NA,NA,NA,NA,NA,NA,NA,NA,NA,NA,NA,NA
"207","Louisville, Kentucky",1890,4109.12995177777,3900,358,34,NA,208,105.505526627733,NA,161129,7,NA,NA,NA,NA,NA,NA,NA,NA,NA,NA,NA,NA,NA,NA,NA,NA
"208","Louisville, Kentucky",1891,4192.42366562128,3945,465,16,NA,205,92.4532748400196,NA,165489,8,NA,NA,NA,NA,NA,NA,NA,NA,NA,NA,NA,NA,NA,NA,NA,NA
"209","Louisville, Kentucky",1892,4175.03175318556,4318,544,41,NA,245,NA,NA,170849,9,NA,NA,NA,NA,NA,NA,NA,NA,NA,NA,NA,NA,NA,NA,NA,NA
"210","Louisville, Kentucky",1893,4040.31756359548,4168,369,22,NA,245,NA,NA,175209,10,33442.5603664938,17813.0202865354,13799.7221603623,19185.2511691534,6868310.90467555,89,2236,9575.92339261286,493.112334171094,928.960010180384,20254775.2362167,NA,NA,NA,17270260,NA
"211","Louisville, Kentucky",1894,4672.29867070597,4780,915,29,NA,258,106.92268710078,NA,179569,11,NA,NA,NA,NA,NA,NA,NA,NA,NA,NA,NA,NA,NA,NA,NA,NA
"212","Louisville, Kentucky",1895,3322.4776951976,4339,713,18,NA,244,95.6890974234623,NA,183929,12,NA,NA,NA,NA,NA,NA,NA,NA,NA,NA,NA,NA,NA,NA,NA,NA
"213","Louisville, Kentucky",1896,3689.54107781124,3235,834,37,NA,289,131.181322328973,NA,188289,13,31924.0246141673,18885.9122163501,10020.6838128738,NA,4756076.7838176,738,2827,4682839.3155851,73237.4682325015,NA,NA,NA,NA,NA,NA,NA
"214","Louisville, Kentucky",1897,3830.28201547893,4165,511,37,NA,291,131.326920980644,NA,192649,14,NA,NA,NA,NA,NA,NA,NA,NA,NA,NA,NA,NA,NA,NA,NA,NA
"215","Louisville, Kentucky",1898,3695.26265297524,4208,861,29,NA,250,109.132070108472,NA,197009,15,NA,NA,NA,NA,NA,NA,NA,NA,NA,NA,NA,NA,NA,NA,NA,NA
"216","Louisville, Kentucky",1899,3823.82591163486,4834,752,18,NA,330,131.102602684624,NA,201369,16,NA,NA,NA,NA,NA,NA,NA,NA,NA,NA,NA,NA,NA,NA,NA,NA
"217","Louisville, Kentucky",1900,3931.01191319341,5143,727,35,NA,329,124.553682637217,NA,204731,17,27420.508139358,17417.4653887114,6.46584512399209,NA,NA,NA,3093,NA,NA,NA,NA,NA,NA,NA,NA,NA
"218","Louisville, Kentucky",1901,3578.98098726839,4115,685,44,NA,317,136.945865251076,NA,206651,18,NA,NA,NA,NA,NA,NA,NA,NA,NA,NA,NA,NA,NA,NA,NA,NA
"219","Louisville, Kentucky",1902,3815.48729209718,4642,880,35,NA,329,129.931773832412,NA,208571,19,NA,NA,NA,NA,NA,NA,NA,NA,NA,NA,NA,NA,NA,NA,NA,NA
"220","Louisville, Kentucky",1903,3299.44415411659,3947,742,27,NA,329,128.747208893534,NA,210490,20,NA,NA,NA,NA,NA,NA,NA,NA,NA,NA,NA,NA,NA,NA,NA,NA
"221","Detroit, Michigan",1884,4875.9809140739,4471,647,4,1292,228,112.386135099965,2660,152154,1,28679.3155655956,2030.1122299392,36084.8093052318,NA,4312679.3395977,3839,4735,653.673307538872,4.20561870659201,653.673307538872,11290020.0668093,171117.012328471,122383.504361827,12861014.5153926,78800518,277.406666666667
"222","Detroit, Michigan",1885,4784.36824986965,3866,962,4,1249,230,108.002085557514,7405,161108,2,NA,NA,NA,NA,NA,NA,NA,NA,NA,NA,NA,NA,NA,NA,NA,NA
"223","Detroit, Michigan",1886,4814.12661264715,5124,703,5,1503,267,126.424480483588,2208,170062,3,NA,NA,NA,NA,NA,NA,NA,NA,NA,NA,NA,NA,NA,NA,NA,NA
"224","Detroit, Michigan",1887,5250.95662374661,6160,907,4,1313,299,135.742814847918,26,179015,4,NA,NA,NA,NA,NA,NA,NA,NA,NA,NA,NA,NA,NA,NA,NA,NA
"225","Detroit, Michigan",1888,4863.56792875421,5396,1221,5,1540,310,130.872643893408,452,187969,5,NA,NA,NA,NA,NA,NA,NA,NA,NA,NA,NA,NA,NA,NA,NA,NA
"226","Detroit, Michigan",1889,4441.35241364601,5238,NA,NA,NA,330,NA,NA,196922,6,NA,NA,NA,NA,NA,NA,NA,NA,NA,NA,NA,NA,NA,NA,NA,NA
"227","Detroit, Michigan",1890,4222.44457828984,5519,NA,NA,NA,350,NA,NA,205876,7,NA,NA,NA,NA,NA,NA,NA,NA,NA,NA,NA,NA,NA,NA,NA,NA
"228","Detroit, Michigan",1891,4077.45290121061,4478,NA,NA,NA,370,NA,NA,213859,8,NA,NA,NA,NA,NA,NA,NA,NA,NA,NA,NA,NA,NA,NA,NA,NA
"229","Detroit, Michigan",1892,3502.04199385148,4101,769,6,1357,385,96.915822973107,NA,221842,9,NA,NA,NA,NA,NA,NA,NA,NA,NA,NA,NA,NA,NA,NA,NA,NA
"230","Detroit, Michigan",1893,3735.9022556391,4513,958,7,NA,425,150.985101642996,NA,229824,10,33109.4378369128,1483.77762393335,37344.1352862932,20796.6116197484,7821317.0033526,69,4535,11711.9254494115,271.474909962118,743.639008377607,19846314.0863586,NA,NA,NA,25364450,NA
"231","Detroit, Michigan",1894,4946.02766108651,6571,NA,NA,NA,450,NA,NA,237807,11,NA,NA,NA,NA,NA,NA,NA,NA,NA,NA,NA,NA,NA,NA,NA,NA
"232","Detroit, Michigan",1895,3296.30985800887,4803,863,9,1235,477,158.672037104846,NA,245790,12,NA,NA,NA,NA,NA,NA,NA,NA,NA,NA,NA,NA,NA,NA,NA,NA
"233","Detroit, Michigan",1896,2572.77172906495,2991,NA,NA,NA,490,NA,NA,253773,13,36142.9271803047,1305.93217180391,32183.2720266748,NA,6092177.30860424,635,5131,6040787.5158045,51389.7927997408,NA,NA,NA,NA,NA,NA,NA
"234","Detroit, Michigan",1897,2749.50717462064,3320,1222,2,2141,510,160.836809853451,NA,261756,14,NA,NA,NA,NA,NA,NA,NA,NA,NA,NA,NA,NA,NA,NA,NA,NA
"235","Detroit, Michigan",1898,2614.38877725793,3330,1122,2,1785,513,154.965188442118,NA,269738,15,NA,NA,NA,NA,NA,NA,NA,NA,NA,NA,NA,NA,NA,NA,NA,NA
"236","Detroit, Michigan",1899,2680.02779768185,3854,1087,4,1837,553,150.870837999287,NA,277721,16,NA,NA,NA,NA,NA,NA,NA,NA,NA,NA,NA,NA,NA,NA,NA,NA
"237","Detroit, Michigan",1900,2728.34822053594,4032,1050,5,NA,557,NA,NA,285704,17,26703.4242490938,1144.67701672903,18.6233401242685,NA,NA,NA,4775,NA,NA,NA,NA,NA,NA,NA,NA,NA
"238","Detroit, Michigan",1901,2709.16334661355,4024,1256,6,2180,555,137.96055447631,NA,303710,18,NA,NA,NA,NA,NA,NA,NA,NA,NA,NA,NA,NA,NA,NA,NA,NA
"239","Detroit, Michigan",1902,2571.83354262766,3845,1260,8,2229,567,133.347424436459,NA,321716,19,NA,NA,NA,NA,NA,NA,NA,NA,NA,NA,NA,NA,NA,NA,NA,NA
"240","Detroit, Michigan",1903,2642.7179550579,NA,NA,8,NA,568,NA,NA,339726,20,NA,NA,NA,NA,NA,NA,NA,NA,NA,NA,NA,NA,NA,NA,NA,NA
"241","Milwaukee, Wisconsin",1884,2141.73707646603,2143,NA,2,NA,90,NA,NA,151139,1,28850.7763269018,230.985224163942,39728.014898547,NA,5113088.92209302,2007,2353,1061.08837350311,46.9188736583007,639.540339403914,14326615.9942831,40309.8089319099,183504.767679393,10237553.1446473,39591236,153.93
"242","Milwaukee, Wisconsin",1885,2247.74569291432,2347,350,2,441,93,45.617302080274,3910,160027,2,NA,NA,NA,NA,NA,NA,NA,NA,NA,NA,NA,NA,NA,NA,NA,NA
"243","Milwaukee, Wisconsin",1886,2205.84317556167,2483,349,1,346,152,72.8176893703934,3327,168915,3,NA,NA,NA,NA,NA,NA,NA,NA,NA,NA,NA,NA,NA,NA,NA,NA
"244","Milwaukee, Wisconsin",1887,2095.57768991524,NA,NA,NA,NA,179,83.2381905817112,NA,177803,4,NA,NA,NA,NA,NA,NA,NA,NA,NA,NA,NA,NA,NA,NA,NA,NA
"245","Milwaukee, Wisconsin",1888,2357.371271245,3135,414,7,444,178,74.9902244885935,NA,186691,5,NA,NA,NA,NA,NA,NA,NA,NA,NA,NA,NA,NA,NA,NA,NA,NA
"246","Milwaukee, Wisconsin",1889,2364.26201177018,3211,167,1,566,187,NA,5549,195579,6,NA,NA,NA,NA,NA,NA,NA,NA,NA,NA,NA,NA,NA,NA,NA,NA
"247","Milwaukee, Wisconsin",1890,2663.0083925113,3819,995,6,476,196,80.6972240154939,3588,204468,7,NA,NA,NA,NA,NA,NA,NA,NA,NA,NA,NA,NA,NA,NA,NA,NA
"248","Milwaukee, Wisconsin",1891,2641.69407159626,3934,751,4,383,204,81.8619356113534,3923,212553,8,NA,NA,NA,NA,NA,NA,NA,NA,NA,NA,NA,NA,NA,NA,NA,NA
"249","Milwaukee, Wisconsin",1892,2995.87104610741,4704,546,5,485,272,101.977456183686,3650,220637,9,NA,NA,NA,NA,NA,NA,NA,NA,NA,NA,NA,NA,NA,NA,NA,NA
"250","Milwaukee, Wisconsin",1893,2719.02134468919,4477,760,0,495,272,98.3726969858606,4000,228722,10,34814.7614791975,193.984777701069,38910.0427359478,16381.9721221003,8825370.92176653,50,2482,12688.2139423382,277.000097415936,1235.48820208301,29694544.7075616,NA,NA,NA,27622303,NA
"251","Milwaukee, Wisconsin",1894,2509.63865088448,3995,855,12,NA,263,97.1255072696331,6450,236807,11,NA,NA,NA,NA,NA,NA,NA,NA,NA,NA,NA,NA,NA,NA,NA,NA
"252","Milwaukee, Wisconsin",1895,2279.37213138853,3942,720,6,437,308,111.477712624341,6844,244892,12,NA,NA,NA,NA,NA,NA,NA,NA,NA,NA,NA,NA,NA,NA,NA,NA
"253","Milwaukee, Wisconsin",1896,2150.79691354121,3598,816,10,450,321,108.705964202138,5910,252976,13,36593.8724368745,279.37954711424,31103.5492111012,NA,6844529.22122194,487,2576,6704054.33659478,140474.884627156,NA,NA,NA,NA,NA,NA,NA
"254","Milwaukee, Wisconsin",1897,2181.48248876699,3614,NA,3,867,321,105.339365129223,NA,261061,14,NA,NA,NA,NA,NA,NA,NA,NA,NA,NA,NA,NA,NA,NA,NA,NA
"255","Milwaukee, Wisconsin",1898,2252.30915562557,3466,874,4,460,321,102.175027680144,4713,269146,15,NA,NA,NA,NA,NA,NA,NA,NA,NA,NA,NA,NA,NA,NA,NA,NA
"256","Milwaukee, Wisconsin",1899,1899.49897377999,3292,555,6,453,321,99.1952559417958,3231,277231,16,NA,NA,NA,NA,NA,NA,NA,NA,NA,NA,NA,NA,NA,NA,NA,NA
"257","Milwaukee, Wisconsin",1900,1686.20647354678,2903,430,6,425,322,95.6837179958993,2455,285315,17,29312.2831479246,229.923797343872,16.390150212264,NA,NA,NA,2443,NA,NA,NA,NA,NA,NA,NA,NA,NA
"258","Milwaukee, Wisconsin",1901,1629.67545866492,2872,351,2,567,322,92.8037964571386,2568,294169,18,NA,NA,NA,NA,NA,NA,NA,NA,NA,NA,NA,NA,NA,NA,NA,NA
"259","Milwaukee, Wisconsin",1902,1735.84183378819,3118,620,5,608,319,88.7721394085597,2016,303023,19,NA,NA,NA,NA,NA,NA,NA,NA,NA,NA,NA,NA,NA,NA,NA,NA
"260","Milwaukee, Wisconsin",1903,1839.50134347405,3419,576,5,550,327,88.4961427224748,1933,311878,20,NA,NA,NA,NA,NA,NA,NA,NA,NA,NA,NA,NA,NA,NA,NA,NA
"261","Providence, Rhode Island",1884,5547.06192290085,4671,502,1,1195,185,119.198776916898,2737,115773,1,24681.8682595995,2053.32686457038,29726.997988619,NA,8707119.68222202,2099,2575,101.074421096253,37.9029079110949,850.54125352497,30979109.4332757,146835.359875476,0,21919394.1599199,135075687,507.369230769231
"262","Providence, Rhode Island",1885,5213.41411959292,4566,365,1,1501,196,129.955612563501,2867,118502,2,NA,NA,NA,NA,NA,NA,NA,NA,NA,NA,NA,NA,NA,NA,NA,NA
"263","Providence, Rhode Island",1886,4402.37564959169,3765,323,2,826,200,128.681019549616,2799,121230,3,NA,NA,NA,NA,NA,NA,NA,NA,NA,NA,NA,NA,NA,NA,NA,NA
"264","Providence, Rhode Island",1887,4155.40622302535,3739,437,4,613,198,125.848062665881,2349,123959,4,NA,NA,NA,NA,NA,NA,NA,NA,NA,NA,NA,NA,NA,NA,NA,NA
"265","Providence, Rhode Island",1888,4680.7906036878,4116,282,3,1158,206,124.71583733266,2864,126688,5,NA,NA,NA,NA,NA,NA,NA,NA,NA,NA,NA,NA,NA,NA,NA,NA
"266","Providence, Rhode Island",1889,4980.79850406052,4735,267,0,1582,204,120.540578131157,3506,129417,6,NA,NA,NA,NA,NA,NA,NA,NA,NA,NA,NA,NA,NA,NA,NA,NA
"267","Providence, Rhode Island",1890,4986.90841947543,4996,244,2,1773,204,127.88885021113,NA,132146,7,NA,NA,NA,NA,NA,NA,NA,NA,NA,NA,NA,NA,NA,NA,NA,NA
"268","Providence, Rhode Island",1891,5055.27837000242,5173,398,1,2042,218,123.817687613103,3000,136491,8,NA,NA,NA,NA,NA,NA,NA,NA,NA,NA,NA,NA,NA,NA,NA,NA
"269","Providence, Rhode Island",1892,4836.83149194808,4984,412,4,2328,218,120.707773580619,3265,140836,9,NA,NA,NA,NA,NA,NA,NA,NA,NA,NA,NA,NA,NA,NA,NA,NA
"270","Providence, Rhode Island",1893,4893.89107390086,5024,443,1,3310,250,138.447868522741,3416,145181,10,30748.697686998,1795.99644093241,33218.0948013311,31690.9882684039,12802421.969011,81,1999,22204.5836714056,1608.24386668391,1133.17889802174,41797723.0590735,NA,NA,NA,7605289,NA
"271","Providence, Rhode Island",1894,4379.17151532175,4789,229,2,3523,250,134.424782312106,7929,149526,11,NA,NA,NA,NA,NA,NA,NA,NA,NA,NA,NA,NA,NA,NA,NA,NA
"272","Providence, Rhode Island",1895,4745.58414626828,5071,613,1,NA,275,139.360276320089,3538,149971,12,NA,NA,NA,NA,NA,NA,NA,NA,NA,NA,NA,NA,NA,NA,NA,NA
"273","Providence, Rhode Island",1896,5231.47308120999,5375,974,4,NA,275,135.436377303714,NA,154316,13,35117.727415169,1848.58967454964,33390.2270576817,NA,10484719.3192225,732,2287,10265707.6879547,219011.631267817,NA,NA,NA,NA,NA,NA,NA
"274","Providence, Rhode Island",1897,5340.94705062996,5451,1348,3,NA,314,140.551238174473,NA,158661,14,NA,NA,NA,NA,NA,NA,NA,NA,NA,NA,NA,NA,NA,NA,NA,NA
"275","Providence, Rhode Island",1898,4985.09257327951,5564,829,4,NA,338,144.166472399789,NA,163006,15,NA,NA,NA,NA,NA,NA,NA,NA,NA,NA,NA,NA,NA,NA,NA,NA
"276","Providence, Rhode Island",1899,5176.5451057956,6152,632,2,NA,338,140.423421431602,NA,167351,16,NA,NA,NA,NA,NA,NA,NA,NA,NA,NA,NA,NA,NA,NA,NA,NA
"277","Providence, Rhode Island",1900,5375.94605830396,6351,830,5,NA,338,133.829165646338,NA,175597,17,27239.1146050576,1506.05745688142,113.820333543064,NA,NA,NA,2193,NA,NA,NA,NA,NA,NA,NA,NA,NA
"278","Providence, Rhode Island",1901,5000.8311630742,5934,586,4,NA,338,130.215548290575,NA,180470,18,NA,NA,NA,NA,NA,NA,NA,NA,NA,NA,NA,NA,NA,NA,NA,NA
"279","Providence, Rhode Island",1902,5455.83054121278,6216,739,2,NA,340,128.410568513513,NA,185343,19,NA,NA,NA,NA,NA,NA,NA,NA,NA,NA,NA,NA,NA,NA,NA,NA
"280","Providence, Rhode Island",1903,5918.0090002944,6677,1617,4,NA,340,NA,NA,190216,20,NA,NA,NA,NA,NA,NA,NA,NA,NA,NA,NA,NA,NA,NA,NA,NA
"281","New Haven, Connecticut",1884,8283.08869391659,4185,287,0,NA,87,106.726544416261,2986,72147,1,24915.1881832063,2244.39858678916,23843.7801473266,NA,9630723.28028469,3581,3932,125.22121349578,0,750.04951349003,19342647.4064514,84514.7358535167,0,15518090.6320477,63898975,240.804615384615
"282","New Haven, Connecticut",1885,7576.8156424581,4095,197,1,NA,91,100.719810915342,3545,74464,2,NA,NA,NA,NA,NA,NA,NA,NA,NA,NA,NA,NA,NA,NA,NA,NA
"283","New Haven, Connecticut",1886,7556.65537900495,4257,238,3,NA,92,98.9841104454285,3911,76780,3,NA,NA,NA,NA,NA,NA,NA,NA,NA,NA,NA,NA,NA,NA,NA,NA
"284","New Haven, Connecticut",1887,7511.12572064327,4448,157,0,NA,107,94.821482755133,NA,79096,4,NA,NA,NA,NA,NA,NA,NA,NA,NA,NA,NA,NA,NA,NA,NA,NA
"285","New Haven, Connecticut",1888,7552.94059843758,4416,413,0,NA,113,NA,3649,81412,5,NA,NA,NA,NA,NA,NA,NA,NA,NA,NA,NA,NA,NA,NA,NA,NA
"286","New Haven, Connecticut",1889,7394.09284716168,4512,391,1,NA,117,97.9350045981679,NA,83729,6,NA,NA,NA,NA,NA,NA,NA,NA,NA,NA,NA,NA,NA,NA,NA,NA
"287","New Haven, Connecticut",1890,6820.84955546516,4452,373,0,NA,126,104.596432099483,NA,86045,7,NA,NA,NA,NA,NA,NA,NA,NA,NA,NA,NA,NA,NA,NA,NA,NA
"288","New Haven, Connecticut",1891,6799.40618519316,4376,164,5,NA,126,100.857858413699,NA,88243,8,NA,NA,NA,NA,NA,NA,NA,NA,NA,NA,NA,NA,NA,NA,NA,NA
"289","New Haven, Connecticut",1892,6949.28185225727,4697,289,5,NA,140,110.569321436074,NA,90441,9,NA,NA,NA,NA,NA,NA,NA,NA,NA,NA,NA,NA,NA,NA,NA,NA
"290","New Haven, Connecticut",1893,7060.66493955095,4770,220,2,NA,154,118.73920552677,NA,92640,10,30347.5590505984,1944.43647217519,27614.3462579763,23113.2030345646,12741362.2057037,74,3305,15532.0533057812,190.856126051144,990.155841919467,34252947.0290541,NA,NA,NA,12565430,NA
"291","New Haven, Connecticut",1894,6657.66886690989,3270,178,1,NA,160,120.204981125709,NA,94838,11,NA,NA,NA,NA,NA,NA,NA,NA,NA,NA,NA,NA,NA,NA,NA,NA
"292","New Haven, Connecticut",1895,6391.4423512923,4288,212,3,NA,155,117.482171565192,NA,97036,12,NA,NA,NA,NA,NA,NA,NA,NA,NA,NA,NA,NA,NA,NA,NA,NA
"293","New Haven, Connecticut",1896,6228.71193340992,4159,328,4,NA,179,125.964891065562,NA,99234,13,34609.1401864298,1969.0670708827,28781.8162228835,NA,10759003.28054,750,3472,10693987.2865141,65015.9940259248,NA,NA,NA,NA,NA,NA,NA
"294","New Haven, Connecticut",1897,6933.70928306649,4486,521,6,NA,176,122.249388753056,NA,101432,14,NA,NA,NA,NA,NA,NA,NA,NA,NA,NA,NA,NA,NA,NA,NA,NA
"295","New Haven, Connecticut",1898,6492.26582779284,3353,437,2,NA,176,121.585239937856,NA,103631,15,NA,NA,NA,NA,NA,NA,NA,NA,NA,NA,NA,NA,NA,NA,NA,NA
"296","New Haven, Connecticut",1899,5966.22853849134,4148,462,1,NA,178,115.280310689887,NA,105829,16,NA,NA,NA,NA,NA,NA,NA,NA,NA,NA,NA,NA,NA,NA,NA,NA
"297","New Haven, Connecticut",1900,5706.90660668166,3658,718,1,NA,175,107.380562266841,NA,108027,17,27537.7873708054,1670.41229594227,57.2221464531164,NA,NA,NA,3750,NA,NA,NA,NA,NA,NA,NA,NA,NA
"298","New Haven, Connecticut",1901,4728.4893972962,3271,350,4,NA,175,107.6095311299,NA,110585,18,NA,NA,NA,NA,NA,NA,NA,NA,NA,NA,NA,NA,NA,NA,NA,NA
"299","New Haven, Connecticut",1902,4550.87809232564,3410,307,6,NA,169,102.52512307434,NA,113143,19,NA,NA,NA,NA,NA,NA,NA,NA,NA,NA,NA,NA,NA,NA,NA,NA
"300","New Haven, Connecticut",1903,4534.14001728608,3448,336,3,NA,174,107.173725151253,NA,115700,20,NA,NA,NA,NA,NA,NA,NA,NA,NA,NA,NA,NA,NA,NA,NA,NA
